{
    "root_group": {
        "name": "",
        "path": "",
        "id": "d41d8cd98f00b204e9800998ecf8427e",
        "groups": {},
        "checks": {
                "status is 200": {
                    "name": "status is 200",
                    "path": "::status is 200",
                    "id": "6210a8cd14cd70477eba5c5e4cb3fb5f",
                    "passes": 12001,
                    "fails": 0
                }
            }
    },
    "metrics": {
        "vus_max": {
            "max": 20,
            "value": 20,
            "min": 20
        },
        "http_req_blocked": {
            "p(90)": 0.009659,
            "p(95)": 0.011843,
            "avg": 0.008307723273060619,
            "min": 0.003074,
            "med": 0.005529,
            "max": 1.588429
        },
        "http_req_receiving": {
            "avg": 0.14784757203566304,
            "min": 0.041667,
            "med": 0.11657,
            "max": 4.070688,
            "p(90)": 0.243084,
            "p(95)": 0.285319
        },
        "checks": {
            "passes": 12001,
            "fails": 0,
            "value": 1
        },
        "vus": {
            "value": 1,
            "min": 1,
            "max": 4
        },
        "http_req_tls_handshaking": {
            "p(90)": 0,
            "p(95)": 0,
            "avg": 0,
            "min": 0,
            "med": 0,
            "max": 0
        },
        "http_req_duration{expected_response:true}": {
            "max": 25.924531,
            "p(90)": 3.377758,
            "p(95)": 3.857951,
            "avg": 2.548506653695537,
            "min": 1.475466,
            "med": 2.345061
        },
        "http_req_sending": {
            "p(95)": 0.09151,
            "avg": 0.05017776293642223,
            "min": 0.007425,
            "med": 0.045408,
            "max": 1.724549,
            "p(90)": 0.073958
        },
        "http_req_failed": {
            "passes": 0,
            "fails": 12001,
            "value": 0
        },
        "http_req_waiting": {
            "p(95)": 3.581416,
            "avg": 2.350481318723442,
            "min": 1.371655,
            "med": 2.161193,
            "max": 25.666802,
            "p(90)": 3.112709
        },
        "http_reqs": {
            "rate": 199.22544609141406,
            "count": 12001
        },
        "iteration_duration": {
            "avg": 2.7333011464044645,
            "min": 1.585374,
            "med": 2.515328,
            "max": 26.286569,
            "p(90)": 3.635634,
            "p(95)": 4.150173
        },
        "data_sent": {
            "count": 948079,
            "rate": 15738.81024122171
        },
        "http_req_connecting": {
            "med": 0,
            "max": 1.05686,
            "p(90)": 0,
            "p(95)": 0,
            "avg": 0.0005340631614032164,
            "min": 0
        },
        "data_received": {
            "count": 602930254,
            "rate": 10009086.644042961
        },
        "http_req_duration": {
            "min": 1.475466,
            "med": 2.345061,
            "max": 25.924531,
            "p(90)": 3.377758,
            "p(95)": 3.857951,
            "avg": 2.548506653695537
        },
        "iterations": {
            "count": 12001,
            "rate": 199.22544609141406
        }
    }
}