{
    "root_group": {
        "name": "",
        "path": "",
        "id": "d41d8cd98f00b204e9800998ecf8427e",
        "groups": {},
        "checks": {
                "status is 200": {
                    "name": "status is 200",
                    "path": "::status is 200",
                    "id": "6210a8cd14cd70477eba5c5e4cb3fb5f",
                    "passes": 12001,
                    "fails": 0
                }
            }
    },
    "metrics": {
        "checks": {
            "passes": 12001,
            "fails": 0,
            "value": 1
        },
        "http_req_waiting": {
            "avg": 2.3258332987251027,
            "min": 1.413313,
            "med": 2.16306,
            "max": 93.686359,
            "p(90)": 3.023972,
            "p(95)": 3.414554
        },
        "http_req_failed": {
            "passes": 0,
            "fails": 12001,
            "value": 0
        },
        "http_req_receiving": {
            "med": 0.112682,
            "max": 11.696426,
            "p(90)": 0.234795,
            "p(95)": 0.271725,
            "avg": 0.1440156835263729,
            "min": 0.039856
        },
        "vus_max": {
            "min": 20,
            "max": 20,
            "value": 20
        },
        "http_req_sending": {
            "avg": 0.04830988575952005,
            "min": 0.007663,
            "med": 0.043983,
            "max": 1.298683,
            "p(90)": 0.072969,
            "p(95)": 0.090083
        },
        "http_reqs": {
            "count": 12001,
            "rate": 199.41444326057123
        },
        "http_req_connecting": {
            "p(95)": 0,
            "avg": 0.00044258395133738845,
            "min": 0,
            "med": 0,
            "max": 0.467436,
            "p(90)": 0
        },
        "http_req_tls_handshaking": {
            "med": 0,
            "max": 0,
            "p(90)": 0,
            "p(95)": 0,
            "avg": 0,
            "min": 0
        },
        "iteration_duration": {
            "avg": 2.689986573618872,
            "min": 1.630278,
            "med": 2.510506,
            "max": 26.975959,
            "p(90)": 3.515286,
            "p(95)": 3.948256
        },
        "http_req_duration{expected_response:true}": {
            "avg": 2.5181588680110014,
            "min": 1.523953,
            "med": 2.343369,
            "max": 94.027157,
            "p(90)": 3.260789,
            "p(95)": 3.67625
        },
        "data_received": {
            "count": 602930246,
            "rate": 10018581.729110012
        },
        "http_req_blocked": {
            "avg": 0.008054883093075551,
            "min": 0.003051,
            "med": 0.005372,
            "max": 1.504031,
            "p(90)": 0.009264,
            "p(95)": 0.011416
        },
        "vus": {
            "value": 1,
            "min": 0,
            "max": 2
        },
        "data_sent": {
            "rate": 15753.741017585127,
            "count": 948079
        },
        "iterations": {
            "count": 12001,
            "rate": 199.41444326057123
        },
        "http_req_duration": {
            "p(95)": 3.67625,
            "avg": 2.5181588680110014,
            "min": 1.523953,
            "med": 2.343369,
            "max": 94.027157,
            "p(90)": 3.260789
        }
    }
}