{
    "root_group": {
        "name": "",
        "path": "",
        "id": "d41d8cd98f00b204e9800998ecf8427e",
        "groups": {},
        "checks": {
                "status is 200": {
                    "name": "status is 200",
                    "path": "::status is 200",
                    "id": "6210a8cd14cd70477eba5c5e4cb3fb5f",
                    "passes": 0,
                    "fails": 14979
                }
            }
    },
    "metrics": {
        "data_received": {
            "count": 6770508,
            "rate": 224194.53679649162
        },
        "http_req_receiving": {
            "max": 1.416496,
            "p(90)": 0.13220800000000005,
            "p(95)": 0.16612959999999993,
            "avg": 0.07378942432739169,
            "min": 0.008336,
            "med": 0.061848
        },
        "http_reqs": {
            "count": 14979,
            "rate": 496.0056123816186
        },
        "vus_max": {
            "value": 30,
            "min": 28,
            "max": 30
        },
        "data_sent": {
            "count": 1063509,
            "rate": 35216.398479094925
        },
        "dropped_iterations": {
            "rate": 0.695381391282061,
            "count": 21
        },
        "http_req_blocked": {
            "p(90)": 0.008422,
            "p(95)": 0.010279099999999998,
            "avg": 0.007435697176046472,
            "min": 0.002358,
            "med": 0.004942,
            "max": 6.138328
        },
        "http_req_sending": {
            "med": 0.039053,
            "max": 2.110644,
            "p(90)": 0.06557200000000002,
            "p(95)": 0.07859039999999999,
            "avg": 0.0404623774617797,
            "min": 0.005169
        },
        "http_req_failed": {
            "passes": 14979,
            "fails": 0,
            "value": 1
        },
        "http_req_tls_handshaking": {
            "p(90)": 0,
            "p(95)": 0,
            "avg": 0,
            "min": 0,
            "med": 0,
            "max": 0
        },
        "http_req_waiting": {
            "med": 41.795113,
            "max": 209.777826,
            "p(90)": 63.835801599999996,
            "p(95)": 68.64935229999999,
            "avg": 42.02470192589648,
            "min": 1.616656
        },
        "http_req_duration": {
            "avg": 42.13895372768545,
            "min": 1.759301,
            "med": 41.898443,
            "max": 209.867005,
            "p(90)": 63.9279804,
            "p(95)": 68.77989229999997
        },
        "http_req_connecting": {
            "med": 0,
            "max": 0.513012,
            "p(90)": 0,
            "p(95)": 0,
            "avg": 0.0004873737232124974,
            "min": 0
        },
        "checks": {
            "passes": 0,
            "fails": 14979,
            "value": 0
        },
        "iteration_duration": {
            "avg": 42.07172363448846,
            "min": 1.834396,
            "med": 42.013598,
            "max": 86.281488,
            "p(90)": 63.98730020000001,
            "p(95)": 68.7666503
        },
        "iterations": {
            "count": 14979,
            "rate": 496.0056123816186
        },
        "vus": {
            "max": 27,
            "value": 20,
            "min": 16
        }
    }
}