{
    "metrics": {
        "data_received": {
            "count": 602930247,
            "rate": 10005629.014591899
        },
        "iteration_duration": {
            "p(95)": 4.149945,
            "avg": 2.7546904160486574,
            "min": 1.614105,
            "med": 2.547696,
            "max": 19.85045,
            "p(90)": 3.698861
        },
        "http_req_duration{expected_response:true}": {
            "p(90)": 3.42549,
            "p(95)": 3.863828,
            "avg": 2.5796014597950068,
            "min": 1.499958,
            "med": 2.372182,
            "max": 131.873342
        },
        "http_req_duration": {
            "max": 131.873342,
            "p(90)": 3.42549,
            "p(95)": 3.863828,
            "avg": 2.5796014597950068,
            "min": 1.499958,
            "med": 2.372182
        },
        "http_req_failed": {
            "passes": 0,
            "fails": 12001,
            "value": 0
        },
        "vus": {
            "value": 0,
            "min": 0,
            "max": 1
        },
        "vus_max": {
            "min": 20,
            "max": 20,
            "value": 20
        },
        "data_sent": {
            "count": 948079,
            "rate": 15733.373466873478
        },
        "http_req_blocked": {
            "p(95)": 0.011729,
            "avg": 0.008155238730105806,
            "min": 0.002845,
            "med": 0.005506,
            "max": 2.66108,
            "p(90)": 0.009418
        },
        "http_req_sending": {
            "p(90)": 0.072996,
            "p(95)": 0.08862,
            "avg": 0.04982707624364626,
            "min": 0.007421,
            "med": 0.045056,
            "max": 2.169891
        },
        "iterations": {
            "count": 12001,
            "rate": 199.1566261629554
        },
        "http_req_tls_handshaking": {
            "max": 0,
            "p(90)": 0,
            "p(95)": 0,
            "avg": 0,
            "min": 0,
            "med": 0
        },
        "http_req_connecting": {
            "p(95)": 0,
            "avg": 0.0004209850845762853,
            "min": 0,
            "med": 0,
            "max": 0.504837,
            "p(90)": 0
        },
        "http_reqs": {
            "count": 12001,
            "rate": 199.1566261629554
        },
        "http_req_waiting": {
            "avg": 2.3724331087409367,
            "min": 1.413162,
            "med": 2.18878,
            "max": 19.469301,
            "p(90)": 3.16684,
            "p(95)": 3.583869
        },
        "http_req_receiving": {
            "p(95)": 0.283962,
            "avg": 0.15734127481043242,
            "min": 0.031155,
            "med": 0.116511,
            "max": 128.545711,
            "p(90)": 0.240636
        },
        "checks": {
            "passes": 12001,
            "fails": 0,
            "value": 1
        }
    },
    "root_group": {
        "name": "",
        "path": "",
        "id": "d41d8cd98f00b204e9800998ecf8427e",
        "groups": {},
        "checks": {
                "status is 200": {
                    "fails": 0,
                    "name": "status is 200",
                    "path": "::status is 200",
                    "id": "6210a8cd14cd70477eba5c5e4cb3fb5f",
                    "passes": 12001
                }
            }
    }
}