{
    "root_group": {
        "name": "",
        "path": "",
        "id": "d41d8cd98f00b204e9800998ecf8427e",
        "groups": {},
        "checks": {
                "status is 200": {
                    "name": "status is 200",
                    "path": "::status is 200",
                    "id": "6210a8cd14cd70477eba5c5e4cb3fb5f",
                    "passes": 15000,
                    "fails": 0
                }
            }
    },
    "metrics": {
        "http_req_tls_handshaking": {
            "p(95)": 0,
            "avg": 0,
            "min": 0,
            "med": 0,
            "max": 0,
            "p(90)": 0
        },
        "data_received": {
            "count": 12870017,
            "rate": 427455.53677913075
        },
        "http_req_connecting": {
            "min": 0,
            "med": 0,
            "max": 0.738473,
            "p(90)": 0,
            "p(95)": 0,
            "avg": 0.00023526393333333332
        },
        "http_req_receiving": {
            "p(90)": 0.15328560000000002,
            "p(95)": 0.18618644999999998,
            "avg": 0.08861676139999981,
            "min": 0.01213,
            "med": 0.0659695,
            "max": 1.733282
        },
        "http_req_waiting": {
            "p(95)": 2.5443464499999995,
            "avg": 1.6287660508666688,
            "min": 1.03859,
            "med": 1.4373015,
            "max": 108.72364,
            "p(90)": 2.077684
        },
        "http_req_failed": {
            "passes": 0,
            "fails": 15000,
            "value": 0
        },
        "iterations": {
            "count": 15000,
            "rate": 498.1992682439317
        },
        "vus": {
            "value": 2,
            "min": 0,
            "max": 4
        },
        "http_req_sending": {
            "min": 0.006264,
            "med": 0.037637,
            "max": 2.140994,
            "p(90)": 0.0637842,
            "p(95)": 0.07921609999999998,
            "avg": 0.03824365953333324
        },
        "checks": {
            "passes": 15000,
            "fails": 0,
            "value": 1
        },
        "http_reqs": {
            "count": 15000,
            "rate": 498.1992682439317
        },
        "iteration_duration": {
            "p(90)": 2.4295599,
            "p(95)": 2.9526242,
            "avg": 1.8743822010000029,
            "min": 1.19913,
            "med": 1.667265,
            "max": 31.167647
        },
        "dropped_iterations": {
            "count": 1,
            "rate": 0.03321328454959545
        },
        "http_req_duration{expected_response:true}": {
            "p(90)": 2.2529078,
            "p(95)": 2.7432738499999987,
            "avg": 1.7556264718000003,
            "min": 1.113933,
            "med": 1.5539684999999999,
            "max": 108.867861
        },
        "data_sent": {
            "count": 1065000,
            "rate": 35372.148045319154
        },
        "vus_max": {
            "value": 11,
            "min": 11,
            "max": 11
        },
        "http_req_duration": {
            "avg": 1.7556264718000003,
            "min": 1.113933,
            "med": 1.5539684999999999,
            "max": 108.867861,
            "p(90)": 2.2529078,
            "p(95)": 2.7432738499999987
        },
        "http_req_blocked": {
            "min": 0.002422,
            "med": 0.004525,
            "max": 2.090133,
            "p(90)": 0.0080412,
            "p(95)": 0.009890099999999999,
            "avg": 0.006473421333333385
        }
    }
}