{
    "root_group": {
        "name": "",
        "path": "",
        "id": "d41d8cd98f00b204e9800998ecf8427e",
        "groups": {},
        "checks": {
                "status is 200": {
                    "name": "status is 200",
                    "path": "::status is 200",
                    "id": "6210a8cd14cd70477eba5c5e4cb3fb5f",
                    "passes": 15001,
                    "fails": 0
                }
            }
    },
    "metrics": {
        "checks": {
            "passes": 15001,
            "fails": 0,
            "value": 1
        },
        "iterations": {
            "count": 15001,
            "rate": 497.8343052160771
        },
        "http_req_duration{expected_response:true}": {
            "avg": 1.6568195038330809,
            "min": 1.110827,
            "med": 1.512635,
            "max": 132.425387,
            "p(90)": 2.081534,
            "p(95)": 2.370913
        },
        "data_received": {
            "count": 12870858,
            "rate": 427141.83387539414
        },
        "iteration_duration": {
            "p(90)": 2.22848,
            "p(95)": 2.562253,
            "avg": 1.7684075013665808,
            "min": 1.199182,
            "med": 1.6237,
            "max": 17.709412
        },
        "http_req_connecting": {
            "p(95)": 0,
            "avg": 0.00015934797680154655,
            "min": 0,
            "med": 0,
            "max": 0.327301,
            "p(90)": 0
        },
        "http_req_sending": {
            "p(95)": 0.071925,
            "avg": 0.03775970841943888,
            "min": 0.006272,
            "med": 0.037702,
            "max": 3.488144,
            "p(90)": 0.059
        },
        "http_req_failed": {
            "fails": 15001,
            "passes": 0,
            "value": 0
        },
        "vus_max": {
            "value": 10,
            "min": 10,
            "max": 10
        },
        "http_reqs": {
            "count": 15001,
            "rate": 497.8343052160771
        },
        "http_req_receiving": {
            "avg": 0.08684732544496966,
            "min": 0.012579,
            "med": 0.06616,
            "max": 3.937121,
            "p(90)": 0.145643,
            "p(95)": 0.181399
        },
        "vus": {
            "value": 1,
            "min": 0,
            "max": 2
        },
        "data_sent": {
            "count": 1065071,
            "rate": 35346.23567034148
        },
        "http_req_tls_handshaking": {
            "avg": 0,
            "min": 0,
            "med": 0,
            "max": 0,
            "p(90)": 0,
            "p(95)": 0
        },
        "http_req_blocked": {
            "avg": 0.0057443573095127135,
            "min": 0.002159,
            "med": 0.00443,
            "max": 1.441672,
            "p(90)": 0.007545,
            "p(95)": 0.009294
        },
        "http_req_duration": {
            "max": 132.425387,
            "p(90)": 2.081534,
            "p(95)": 2.370913,
            "avg": 1.6568195038330809,
            "min": 1.110827,
            "med": 1.512635
        },
        "http_req_waiting": {
            "min": 1.035567,
            "med": 1.391723,
            "max": 132.308574,
            "p(90)": 1.912423,
            "p(95)": 2.199345,
            "avg": 1.5322124699686628
        }
    }
}