{
    "root_group": {
        "id": "d41d8cd98f00b204e9800998ecf8427e",
        "groups": {},
        "checks": {
                "status is 200": {
                    "name": "status is 200",
                    "path": "::status is 200",
                    "id": "6210a8cd14cd70477eba5c5e4cb3fb5f",
                    "passes": 15000,
                    "fails": 0
                }
            },
        "name": "",
        "path": ""
    },
    "metrics": {
        "http_req_tls_handshaking": {
            "avg": 0,
            "min": 0,
            "med": 0,
            "max": 0,
            "p(90)": 0,
            "p(95)": 0
        },
        "iterations": {
            "count": 15000,
            "rate": 497.5414990696372
        },
        "data_received": {
            "count": 12870005,
            "rate": 426890.7720489151
        },
        "http_req_duration{expected_response:true}": {
            "avg": 3.792155799000012,
            "min": 1.787025,
            "med": 3.640427,
            "max": 150.360047,
            "p(90)": 4.468569899999999,
            "p(95)": 4.9989262
        },
        "http_req_waiting": {
            "med": 3.4348989999999997,
            "max": 150.249891,
            "p(90)": 4.2267427,
            "p(95)": 4.73372015,
            "avg": 3.5803456887333387,
            "min": 1.663394
        },
        "http_reqs": {
            "count": 15000,
            "rate": 497.5414990696372
        },
        "data_sent": {
            "count": 1065000,
            "rate": 35325.44643394424
        },
        "http_req_duration": {
            "p(95)": 4.9989262,
            "avg": 3.792155799000012,
            "min": 1.787025,
            "med": 3.640427,
            "max": 150.360047,
            "p(90)": 4.468569899999999
        },
        "http_req_failed": {
            "passes": 0,
            "fails": 15000,
            "value": 0
        },
        "vus": {
            "min": 1,
            "max": 4,
            "value": 2
        },
        "http_req_receiving": {
            "med": 0.14120850000000001,
            "max": 2.761659,
            "p(90)": 0.22834380000000004,
            "p(95)": 0.2706589499999999,
            "avg": 0.15577461486666597,
            "min": 0.014836
        },
        "checks": {
            "passes": 15000,
            "fails": 0,
            "value": 1
        },
        "http_req_sending": {
            "med": 0.056054,
            "max": 1.458059,
            "p(90)": 0.0936821,
            "p(95)": 0.10798749999999999,
            "avg": 0.05603549540000008,
            "min": 0.008962
        },
        "http_req_blocked": {
            "p(90)": 0.012489,
            "p(95)": 0.014391099999999999,
            "avg": 0.010960685799999967,
            "min": 0.002638,
            "med": 0.008809500000000001,
            "max": 2.855951
        },
        "http_req_connecting": {
            "med": 0,
            "max": 2.046217,
            "p(90)": 0,
            "p(95)": 0,
            "avg": 0.0003780904666666667,
            "min": 0
        },
        "iteration_duration": {
            "avg": 4.039860356133308,
            "min": 2.035118,
            "med": 3.888693,
            "max": 19.512381,
            "p(90)": 4.778893200000001,
            "p(95)": 5.32622375
        },
        "vus_max": {
            "value": 10,
            "min": 10,
            "max": 10
        }
    }
}