{
    "metrics": {
        "http_req_blocked": {
            "avg": 0.005879938070795251,
            "min": 0.00209,
            "med": 0.004413,
            "max": 2.014536,
            "p(90)": 0.007576,
            "p(95)": 0.009487
        },
        "http_req_duration{expected_response:true}": {
            "min": 1.092201,
            "med": 1.51436,
            "max": 98.677773,
            "p(90)": 2.103758,
            "p(95)": 2.438211,
            "avg": 1.6788917338844085
        },
        "http_req_waiting": {
            "med": 1.393582,
            "max": 98.426577,
            "p(90)": 1.933233,
            "p(95)": 2.242618,
            "avg": 1.54753691400573,
            "min": 1.022936
        },
        "http_req_tls_handshaking": {
            "avg": 0,
            "min": 0,
            "med": 0,
            "max": 0,
            "p(90)": 0,
            "p(95)": 0
        },
        "vus": {
            "value": 1,
            "min": 0,
            "max": 3
        },
        "http_req_receiving": {
            "p(90)": 0.146684,
            "p(95)": 0.18122,
            "avg": 0.09342614392373791,
            "min": 0.012898,
            "med": 0.065637,
            "max": 97.013142
        },
        "http_req_duration": {
            "avg": 1.6788917338844085,
            "min": 1.092201,
            "med": 1.51436,
            "max": 98.677773,
            "p(90)": 2.103758,
            "p(95)": 2.438211
        },
        "data_received": {
            "count": 12870867,
            "rate": 427615.69144560857
        },
        "http_req_failed": {
            "passes": 0,
            "fails": 15001,
            "value": 0
        },
        "http_reqs": {
            "count": 15001,
            "rate": 498.3862382678318
        },
        "iterations": {
            "count": 15001,
            "rate": 498.3862382678318
        },
        "iteration_duration": {
            "p(95)": 2.624294,
            "avg": 1.78764230317979,
            "min": 1.165474,
            "med": 1.624431,
            "max": 19.893023,
            "p(90)": 2.259731
        },
        "vus_max": {
            "value": 10,
            "min": 10,
            "max": 10
        },
        "http_req_sending": {
            "med": 0.037754,
            "max": 2.174795,
            "p(90)": 0.061632,
            "p(95)": 0.074975,
            "avg": 0.03792867595493638,
            "min": 0.005849
        },
        "data_sent": {
            "count": 1065071,
            "rate": 35385.42291701606
        },
        "http_req_connecting": {
            "p(95)": 0,
            "avg": 0.00016573655089660686,
            "min": 0,
            "med": 0,
            "max": 0.374218,
            "p(90)": 0
        },
        "checks": {
            "fails": 0,
            "passes": 15001,
            "value": 1
        }
    },
    "root_group": {
        "groups": {},
        "checks": {
                "status is 200": {
                    "name": "status is 200",
                    "path": "::status is 200",
                    "id": "6210a8cd14cd70477eba5c5e4cb3fb5f",
                    "passes": 15001,
                    "fails": 0
                }
            },
        "name": "",
        "path": "",
        "id": "d41d8cd98f00b204e9800998ecf8427e"
    }
}