{
    "root_group": {
        "groups": {},
        "checks": {
                "status is 200": {
                    "name": "status is 200",
                    "path": "::status is 200",
                    "id": "6210a8cd14cd70477eba5c5e4cb3fb5f",
                    "passes": 0,
                    "fails": 22147
                }
            },
        "name": "",
        "path": "",
        "id": "d41d8cd98f00b204e9800998ecf8427e"
    },
    "metrics": {
        "iterations": {
            "count": 22147,
            "rate": 761.6967338723733
        },
        "iteration_duration": {
            "min": 11.745618,
            "med": 13.404093,
            "max": 50.552844,
            "p(90)": 14.3879888,
            "p(95)": 14.7914897,
            "avg": 13.524473260938294
        },
        "http_req_failed": {
            "passes": 22147,
            "fails": 0,
            "value": 1
        },
        "checks": {
            "fails": 22147,
            "passes": 0,
            "value": 0
        },
        "http_req_connecting": {
            "p(95)": 0,
            "avg": 0.00013394965458075585,
            "min": 0,
            "med": 0,
            "max": 0.51056,
            "p(90)": 0
        },
        "http_req_duration": {
            "min": 0.076717,
            "med": 2.74645,
            "max": 39.420648,
            "p(90)": 3.6487048000000004,
            "p(95)": 4.0398349,
            "avg": 2.9006985470266797
        },
        "http_req_blocked": {
            "max": 3.747817,
            "p(90)": 0.007875,
            "p(95)": 0.009624,
            "avg": 0.0071997791574479626,
            "min": 0.000828,
            "med": 0.004403
        },
        "vus_max": {
            "value": 10,
            "min": 10,
            "max": 10
        },
        "http_req_waiting": {
            "min": 0,
            "med": 2.511698,
            "max": 39.388329,
            "p(90)": 3.240688600000001,
            "p(95)": 3.5385513,
            "avg": 2.6301404125163503
        },
        "data_received": {
            "count": 84778716,
            "rate": 2915775.097263445
        },
        "http_req_sending": {
            "p(95)": 0.07822820000000001,
            "avg": 0.02583915966045053,
            "min": 0.002794,
            "med": 0.015503,
            "max": 1.194917,
            "p(90)": 0.045203400000000005
        },
        "http_req_receiving": {
            "avg": 0.24471897484986857,
            "min": 0.008896,
            "med": 0.088192,
            "max": 6.970393,
            "p(90)": 0.7153308000000002,
            "p(95)": 0.9411262
        },
        "http_req_tls_handshaking": {
            "avg": 0,
            "min": 0,
            "med": 0,
            "max": 0,
            "p(90)": 0,
            "p(95)": 0
        },
        "vus": {
            "value": 10,
            "min": 10,
            "max": 10
        },
        "data_sent": {
            "count": 5337427,
            "rate": 183568.91286324197
        },
        "http_reqs": {
            "count": 22147,
            "rate": 761.6967338723733
        }
    }
}